file,col_index,col_name,type,len
AbState.shn,0,ID,2,2
AbState.shn,1,InxName,9,32
AbState.shn,2,AbStataIndex,11,4
AbState.shn,3,KeepTimeRatio,3,4
AbState.shn,4,KeepTimePower,1,1
AbState.shn,5,StateGrade,1,1
AbState.shn,6,PartyState1,9,32
AbState.shn,7,PartyState2,9,32
AbState.shn,8,PartyState3,9,32
AbState.shn,9,PartyState4,9,32
AbState.shn,10,PartyState5,9,32
AbState.shn,11,PartyRange,3,4
AbState.shn,12,PartyEnchantNumber,3,4
AbState.shn,13,SubAbState,9,32
AbState.shn,14,DispelIndex,11,4
AbState.shn,15,SubDispelIndex,11,4
AbState.shn,16,AbStateSaveType,11,4
AbState.shn,17,MainStateInx,9,32
AbState.shn,18,Duplicate,1,1
AbStateSaveTypeInfo.shn,0,AbStateSaveType,11,4
AbStateSaveTypeInfo.shn,1,IsSaveLink,1,1
AbStateSaveTypeInfo.shn,2,IsSaveDie,1,1
AbStateSaveTypeInfo.shn,3,IsSaveLogoff,1,1
AccUpGradeInfo.shn,0,ID,2,2
AccUpGradeInfo.shn,1,InxName,9,32
AccUpGradeInfo.shn,2,UpFactor,11,4
AccUpGradeInfo.shn,3,Success,2,2
AccUpGradeInfo.shn,4,Min1,2,2
AccUpGradeInfo.shn,5,Max1,2,2
AccUpGradeInfo.shn,6,Limit1,2,2
AccUpGradeInfo.shn,7,Min2,2,2
AccUpGradeInfo.shn,8,Max2,2,2
AccUpGradeInfo.shn,9,Limit2,2,2
AccUpGradeInfo.shn,10,Min3,2,2
AccUpGradeInfo.shn,11,Max3,2,2
AccUpGradeInfo.shn,12,Limit3,2,2
AccUpGradeInfo.shn,13,Min4,2,2
AccUpGradeInfo.shn,14,Max4,2,2
AccUpGradeInfo.shn,15,Limit4,2,2
AccUpGradeInfo.shn,16,Min5,2,2
AccUpGradeInfo.shn,17,Max5,2,2
AccUpGradeInfo.shn,18,Limit5,2,2
AccUpGradeInfo.shn,19,Min6,2,2
AccUpGradeInfo.shn,20,Max6,2,2
AccUpGradeInfo.shn,21,Limit6,2,2
AccUpGradeInfo.shn,22,Min7,2,2
AccUpGradeInfo.shn,23,Max7,2,2
AccUpGradeInfo.shn,24,Limit7,2,2
AccUpGradeInfo.shn,25,Min8,2,2
AccUpGradeInfo.shn,26,Max8,2,2
AccUpGradeInfo.shn,27,Limit8,2,2
AccUpGradeInfo.shn,28,Min9,2,2
AccUpGradeInfo.shn,29,Max9,2,2
AccUpGradeInfo.shn,30,Limit9,2,2
AccUpGradeInfo.shn,31,Min10,2,2
AccUpGradeInfo.shn,32,Max10,2,2
AccUpGradeInfo.shn,33,Limit10,2,2
AccUpGradeInfo.shn,34,Min11,2,2
AccUpGradeInfo.shn,35,Max11,2,2
AccUpGradeInfo.shn,36,Limit11,2,2
AccUpGradeInfo.shn,37,Min12,2,2
AccUpGradeInfo.shn,38,Max12,2,2
AccUpGradeInfo.shn,39,Limit12,2,2
AccUpgrade.shn,0,ID,3,4
AccUpgrade.shn,1,CriFail,2,2
AccUpgrade.shn,2,DownFail,2,2
AccUpgrade.shn,3,NormalFail,2,2
AccUpgrade.shn,4,nCon,2,2
AccUpgrade.shn,5,LuckySuc,2,2
ActionEffectAbState.shn,0,InxName,9,32
ActionEffectAbState.shn,1,Strength,3,4
ActionEffectAbState.shn,2,ItemActionID,2,2
ActionEffectItem.shn,0,SHINE_ITEM_ID,2,2
ActionEffectItem.shn,1,ItemActionID,2,2
ActionEffectItem.shn,2,EnchantMaxLot,1,1
ActionRangeFactor.shn,0,ActionRangeIndex,11,4
ActionRangeFactor.shn,1,RangeType,11,4
ActionRangeFactor.shn,2,RangeStart,2,2
ActionRangeFactor.shn,3,RangeEnd,2,2
ActionViewInfo.shn,0,nIndex,1,1
ActionViewInfo.shn,1,InxName,9,32
ActionViewInfo.shn,2,ActionName,9,32
ActionViewInfo.shn,3,LinkActionIndex,2,2
ActionViewInfo.shn,4,IconFileName,9,32
ActionViewInfo.shn,5,nIconNum,2,2
ActionViewInfo.shn,6,eActionType,11,4
ActionViewInfo.shn,7,nEventCode,3,4
ActionViewInfo.shn,8,nAfterCode,3,4
ActionViewInfo.shn,9,IsDance,1,1
ActiveSkill.shn,0,ID,2,2
ActiveSkill.shn,1,InxName,9,32
ActiveSkill.shn,2,Name,9,64
ActiveSkill.shn,3,Grade,3,4
ActiveSkill.shn,4,Step,3,4
ActiveSkill.shn,5,MaxStep,3,4
ActiveSkill.shn,6,DemandType,11,4
ActiveSkill.shn,7,DemandSk,9,32
ActiveSkill.shn,8,UseItem,2,2
ActiveSkill.shn,9,ItemNumber,3,4
ActiveSkill.shn,10,ItemOption,3,4
ActiveSkill.shn,11,DemandItem1,2,2
ActiveSkill.shn,12,DemandItem2,2,2
ActiveSkill.shn,13,SP,3,4
ActiveSkill.shn,14,SPRate,3,4
ActiveSkill.shn,15,HP,3,4
ActiveSkill.shn,16,HPRate,3,4
ActiveSkill.shn,17,LP,3,4
ActiveSkill.shn,18,Range,3,4
ActiveSkill.shn,19,First,11,4
ActiveSkill.shn,20,Last,11,4
ActiveSkill.shn,21,IsMovingSkill,1,1
ActiveSkill.shn,22,UsableDegree,2,2
ActiveSkill.shn,23,DirectionRotate,2,2
ActiveSkill.shn,24,SkillDegree,2,2
ActiveSkill.shn,25,SkillTargetState,11,4
ActiveSkill.shn,26,CastTime,3,4
ActiveSkill.shn,27,DlyTime,3,4
ActiveSkill.shn,28,DlyGroupNum,3,4
ActiveSkill.shn,29,DlyTimeGroup,3,4
ActiveSkill.shn,30,MinWC,3,4
ActiveSkill.shn,31,MinWCRate,3,4
ActiveSkill.shn,32,MaxWC,3,4
ActiveSkill.shn,33,MaxWCRate,3,4
ActiveSkill.shn,34,MinMA,3,4
ActiveSkill.shn,35,MinMARate,3,4
ActiveSkill.shn,36,MaxMA,3,4
ActiveSkill.shn,37,MaxMARate,3,4
ActiveSkill.shn,38,AC,3,4
ActiveSkill.shn,39,MR,3,4
ActiveSkill.shn,40,Area,3,4
ActiveSkill.shn,41,TargetNumber,3,4
ActiveSkill.shn,42,UseClass,11,4
ActiveSkill.shn,43,StaNameA,9,32
ActiveSkill.shn,44,StaStrengthA,3,4
ActiveSkill.shn,45,StaSucRateA,3,4
ActiveSkill.shn,46,StaNameB,9,32
ActiveSkill.shn,47,StaStrengthB,3,4
ActiveSkill.shn,48,StaSucRateB,3,4
ActiveSkill.shn,49,StaNameC,9,32
ActiveSkill.shn,50,StaStrengthC,3,4
ActiveSkill.shn,51,StaSucRateC,3,4
ActiveSkill.shn,52,StaNameD,9,32
ActiveSkill.shn,53,StaStrengthD,3,4
ActiveSkill.shn,54,StaSucRateD,3,4
ActiveSkill.shn,55,nIMPT,22,4
ActiveSkill.shn,56,,22,4
ActiveSkill.shn,57,,22,4
ActiveSkill.shn,58,,22,4
ActiveSkill.shn,59,nT0,22,4
ActiveSkill.shn,60,,22,4
ActiveSkill.shn,61,,22,4
ActiveSkill.shn,62,,22,4
ActiveSkill.shn,63,,22,4
ActiveSkill.shn,64,nT1,22,4
ActiveSkill.shn,65,,22,4
ActiveSkill.shn,66,,22,4
ActiveSkill.shn,67,,22,4
ActiveSkill.shn,68,,22,4
ActiveSkill.shn,69,nT2,22,4
ActiveSkill.shn,70,,22,4
ActiveSkill.shn,71,,22,4
ActiveSkill.shn,72,,22,4
ActiveSkill.shn,73,,22,4
ActiveSkill.shn,74,nT3,22,4
ActiveSkill.shn,75,,22,4
ActiveSkill.shn,76,,22,4
ActiveSkill.shn,77,,22,4
ActiveSkill.shn,78,,22,4
ActiveSkill.shn,79,EffectType,11,4
ActiveSkill.shn,80,SpecialIndexA,11,4
ActiveSkill.shn,81,SpecialValueA,3,4
ActiveSkill.shn,82,SpecialIndexB,11,4
ActiveSkill.shn,83,SpecialValueB,3,4
ActiveSkill.shn,84,SpecialIndexC,11,4
ActiveSkill.shn,85,SpecialValueC,3,4
ActiveSkill.shn,86,SpecialIndexD,11,4
ActiveSkill.shn,87,SpecialValueD,3,4
ActiveSkill.shn,88,SpecialIndexE,11,4
ActiveSkill.shn,89,SpecialValueE,3,4
ActiveSkill.shn,90,SkillClassifierA,9,32
ActiveSkill.shn,91,SkillClassifierB,9,32
ActiveSkill.shn,92,SkillClassifierC,9,32
ActiveSkill.shn,93,CannotInside,1,1
ActiveSkill.shn,94,DemandSoul,1,1
ActiveSkill.shn,95,HitID,2,2
ActiveSkillGroup.shn,0,InxName,9,32
ActiveSkillGroup.shn,1,ActiveSkillGroupIndex,11,4
ActiveSkillInfoServer.shn,0,ID,2,2
ActiveSkillInfoServer.shn,1,InxName,9,32
ActiveSkillInfoServer.shn,2,UsualAttack,1,1
ActiveSkillInfoServer.shn,3,SkilPyHitRate,3,4
ActiveSkillInfoServer.shn,4,SkilMaHitRate,3,4
ActiveSkillInfoServer.shn,5,PsySucRate,3,4
ActiveSkillInfoServer.shn,6,MagSucRate,3,4
ActiveSkillInfoServer.shn,7,StaLevel,1,1
ActiveSkillInfoServer.shn,8,DmgIncRate,3,4
ActiveSkillInfoServer.shn,9,DmgIncValue,2,2
ActiveSkillInfoServer.shn,10,SkillHitType,11,4
ActiveSkillInfoServer.shn,11,ItremUseSkill,1,1
ActiveSkillInfoServer.shn,12,AggroPerDamage,3,4
ActiveSkillInfoServer.shn,13,AbsoluteAggro,3,4
ActiveSkillInfoServer.shn,14,AttackStart,1,1
ActiveSkillInfoServer.shn,15,AttackEnd,1,1
ActiveSkillInfoServer.shn,16,SwingTime,2,2
ActiveSkillInfoServer.shn,17,HitTime,2,2
ActiveSkillInfoServer.shn,18,AddSoul,1,1
AdminLvSet.shn,0,ALS_Cmd,9,19
AdminLvSet.shn,1,ALS_Lv,1,1
AnnounceData.shn,0,Type,11,4
AnnounceData.shn,1,Message,9,256
AnnounceData.shn,2,Value,3,4
AreaSkill.shn,0,AS_SkillInx,9,32
AreaSkill.shn,1,AS_Step,1,1
AreaSkill.shn,2,AS_BMPIndex,9,32
AreaSkill.shn,3,AS_ImagePin,11,4
AreaSkill.shn,4,AS_IsDirection,1,1
AttendReward.shn,0,AR_ID,1,1
AttendReward.shn,1,AR_Type,11,4
AttendReward.shn,2,AR_Count,1,1
AttendReward.shn,3,AR_ItemInx,9,32
AttendSchedule.shn,0,AS_StartYear,2,2
AttendSchedule.shn,1,AS_StartMonth,1,1
AttendSchedule.shn,2,AS_StartDay,1,1
AttendSchedule.shn,3,AS_StartHour,1,1
AttendSchedule.shn,4,AS_StartMinute,1,1
AttendSchedule.shn,5,AS_JoinKeepTime,2,2
AttendSchedule.shn,6,AS_CheckTerm,2,2
BMP.shn,0,BMPIndex,9,32
BMP.shn,1,FileName,9,32
BRAccUpgrade.shn,0,ID,3,4
BRAccUpgrade.shn,1,CriFail,2,2
BRAccUpgrade.shn,2,DownFail,2,2
BRAccUpgrade.shn,3,NormalFail,2,2
BRAccUpgrade.shn,4,nCon,2,2
BRAccUpgrade.shn,5,LuckySuc,2,2
BRAccUpgradeInfo.shn,0,ID,2,2
BRAccUpgradeInfo.shn,1,InxName,9,32
BRAccUpgradeInfo.shn,2,UpFactor,11,4
BRAccUpgradeInfo.shn,3,BRAccUpdata,21,2
BRAccUpgradeInfo.shn,4,,21,2
BRAccUpgradeInfo.shn,5,,21,2
BRAccUpgradeInfo.shn,6,,21,2
BRAccUpgradeInfo.shn,7,,21,2
BRAccUpgradeInfo.shn,8,,21,2
BRAccUpgradeInfo.shn,9,,21,2
BRAccUpgradeInfo.shn,10,,21,2
BRAccUpgradeInfo.shn,11,,21,2
BRAccUpgradeInfo.shn,12,,21,2
BRAccUpgradeInfo.shn,13,,21,2
BRAccUpgradeInfo.shn,14,,21,2
BRAccUpgradeInfo.shn,15,,21,2
BRAccUpgradeInfo.shn,16,,21,2
BRAccUpgradeInfo.shn,17,,21,2
BRAccUpgradeInfo.shn,18,,21,2
BRAccUpgradeInfo.shn,19,,21,2
BRAccUpgradeInfo.shn,20,,21,2
BRAccUpgradeInfo.shn,21,,21,2
BRAccUpgradeInfo.shn,22,,21,2
BRAccUpgradeInfo.shn,23,,21,2
BadNameFilter.shn,0,BadName,9,32
BadNameFilter.shn,1,Type,11,4
BelongDice.shn,0,DiceTimeLimit,1,1
BelongTypeInfo.shn,0,BT_Inx,11,4
BelongTypeInfo.shn,1,PutOnBelonged,1,1
BelongTypeInfo.shn,2,NoDrop,1,1
BelongTypeInfo.shn,3,NoSell,1,1
BelongTypeInfo.shn,4,NoStorage,1,1
BelongTypeInfo.shn,5,NoTrade,1,1
BelongTypeInfo.shn,6,NoDelete,1,1
CharacterTitleData.shn,0,Type,11,4
CharacterTitleData.shn,1,Permit,11,4
CharacterTitleData.shn,2,Refresh,11,4
CharacterTitleData.shn,3,Title0,9,32
CharacterTitleData.shn,4,Value0,3,4
CharacterTitleData.shn,5,Fame0,3,4
CharacterTitleData.shn,6,Title1,9,32
CharacterTitleData.shn,7,Value1,3,4
CharacterTitleData.shn,8,Fame1,3,4
CharacterTitleData.shn,9,Title2,9,32
CharacterTitleData.shn,10,Value2,3,4
CharacterTitleData.shn,11,Fame2,3,4
CharacterTitleData.shn,12,Title3,9,32
CharacterTitleData.shn,13,Value3,3,4
CharacterTitleData.shn,14,Fame3,3,4
CharacterTitleStateServer.shn,0,Type,11,4
CharacterTitleStateServer.shn,1,TitleLV,1,1
CharacterTitleStateServer.shn,2,StateName,9,32
CharacterTitleStateServer.shn,3,Strength,1,1
ChargedDeletableBuff.shn,0,CDI_IDX,9,32
ChargedEffect.shn,0,Handle,2,2
ChargedEffect.shn,1,ItemID,9,32
ChargedEffect.shn,2,KeepTime_Hour,2,2
ChargedEffect.shn,3,EffectEnum,11,4
ChargedEffect.shn,4,EffectValue,2,2
ChargedEffect.shn,5,StaStrength,1,1
ChatColor.shn,0,ChatColorID,1,1
ChatColor.shn,1,ColorR,1,1
ChatColor.shn,2,ColorG,1,1
ChatColor.shn,3,ColorB,1,1
ClassName.shn,0,ClassID,1,1
ClassName.shn,1,acPrefix,9,4
ClassName.shn,2,acEngName,9,16
ClassName.shn,3,acLocalName,9,32
CollectCard.shn,0,CC_CardID,2,2
CollectCard.shn,1,CC_ItemInx,9,32
CollectCard.shn,2,CC_CardGradeType,11,4
CollectCard.shn,3,CC_CardMobGroup,11,4
CollectCardDropRate.shn,0,CC_CardID,2,2
CollectCardDropRate.shn,1,CC_CardGetRate,2,2
CollectCardGroupDesc.shn,0,CC_CardMobGroup,11,4
CollectCardGroupDesc.shn,1,CC_MobGroupName,9,64
CollectCardMobGroup.shn,0,CC_MobInx,9,32
CollectCardMobGroup.shn,1,CC_CardMobGroup,11,4
CollectCardReward.shn,0,CC_RewardID,2,2
CollectCardReward.shn,1,CC_CardRewardType,11,4
CollectCardReward.shn,2,CC_CardLot,2,2
CollectCardReward.shn,3,CC_RewardItemInx,9,64
CollectCardReward.shn,4,CC_RewardLot,2,2
CollectCardStarRate.shn,0,CC_CardGradeType,11,4
CollectCardStarRate.shn,1,CC_StarLot,1,1
CollectCardStarRate.shn,2,CC_StarRate,2,2
CollectCardTitle.shn,0,Type,11,4
CollectCardTitle.shn,1,CC_ItemInx,9,32
ColorInfo.shn,0,eColorID,11,4
ColorInfo.shn,1,ColorR,1,1
ColorInfo.shn,2,ColorG,1,1
ColorInfo.shn,3,ColorB,1,1
DamageLvGapEVP.shn,0,LvGap,2,2
DamageLvGapEVP.shn,1,DamageRate,2,2
DamageLvGapPVE.shn,0,LvGap,2,2
DamageLvGapPVE.shn,1,DamageRate,2,2
DamageLvGapPVP.shn,0,MyLv,1,1
DamageLvGapPVP.shn,1,TargetLv1,2,2
DamageLvGapPVP.shn,2,TargetLv2,2,2
DamageLvGapPVP.shn,3,TargetLv3,2,2
DamageLvGapPVP.shn,4,TargetLv4,2,2
DamageLvGapPVP.shn,5,TargetLv5,2,2
DamageLvGapPVP.shn,6,TargetLv6,2,2
DamageLvGapPVP.shn,7,TargetLv7,2,2
DamageLvGapPVP.shn,8,TargetLv8,2,2
DamageLvGapPVP.shn,9,TargetLv9,2,2
DamageLvGapPVP.shn,10,TargetLv10,2,2
DamageLvGapPVP.shn,11,TargetLv11,2,2
DamageLvGapPVP.shn,12,TargetLv12,2,2
DamageLvGapPVP.shn,13,TargetLv13,2,2
DamageLvGapPVP.shn,14,TargetLv14,2,2
DamageLvGapPVP.shn,15,TargetLv15,2,2
DamageLvGapPVP.shn,16,TargetLv16,2,2
DamageLvGapPVP.shn,17,TargetLv17,2,2
DamageLvGapPVP.shn,18,TargetLv18,2,2
DamageLvGapPVP.shn,19,TargetLv19,2,2
DamageLvGapPVP.shn,20,TargetLv20,2,2
DamageLvGapPVP.shn,21,TargetLv21,2,2
DamageLvGapPVP.shn,22,TargetLv22,2,2
DamageLvGapPVP.shn,23,TargetLv23,2,2
DamageLvGapPVP.shn,24,TargetLv24,2,2
DamageLvGapPVP.shn,25,TargetLv25,2,2
DamageLvGapPVP.shn,26,TargetLv26,2,2
DamageLvGapPVP.shn,27,TargetLv27,2,2
DamageLvGapPVP.shn,28,TargetLv28,2,2
DamageLvGapPVP.shn,29,TargetLv29,2,2
DamageLvGapPVP.shn,30,TargetLv30,2,2
DamageLvGapPVP.shn,31,TargetLv31,2,2
DamageLvGapPVP.shn,32,TargetLv32,2,2
DamageLvGapPVP.shn,33,TargetLv33,2,2
DamageLvGapPVP.shn,34,TargetLv34,2,2
DamageLvGapPVP.shn,35,TargetLv35,2,2
DamageLvGapPVP.shn,36,TargetLv36,2,2
DamageLvGapPVP.shn,37,TargetLv37,2,2
DamageLvGapPVP.shn,38,TargetLv38,2,2
DamageLvGapPVP.shn,39,TargetLv39,2,2
DamageLvGapPVP.shn,40,TargetLv40,2,2
DamageLvGapPVP.shn,41,TargetLv41,2,2
DamageLvGapPVP.shn,42,TargetLv42,2,2
DamageLvGapPVP.shn,43,TargetLv43,2,2
DamageLvGapPVP.shn,44,TargetLv44,2,2
DamageLvGapPVP.shn,45,TargetLv45,2,2
DamageLvGapPVP.shn,46,TargetLv46,2,2
DamageLvGapPVP.shn,47,TargetLv47,2,2
DamageLvGapPVP.shn,48,TargetLv48,2,2
DamageLvGapPVP.shn,49,TargetLv49,2,2
DamageLvGapPVP.shn,50,TargetLv50,2,2
DamageLvGapPVP.shn,51,TargetLv51,2,2
DamageLvGapPVP.shn,52,TargetLv52,2,2
DamageLvGapPVP.shn,53,TargetLv53,2,2
DamageLvGapPVP.shn,54,TargetLv54,2,2
DamageLvGapPVP.shn,55,TargetLv55,2,2
DamageLvGapPVP.shn,56,TargetLv56,2,2
DamageLvGapPVP.shn,57,TargetLv57,2,2
DamageLvGapPVP.shn,58,TargetLv58,2,2
DamageLvGapPVP.shn,59,TargetLv59,2,2
DamageLvGapPVP.shn,60,TargetLv60,2,2
DamageLvGapPVP.shn,61,TargetLv61,2,2
DamageLvGapPVP.shn,62,TargetLv62,2,2
DamageLvGapPVP.shn,63,TargetLv63,2,2
DamageLvGapPVP.shn,64,TargetLv64,2,2
DamageLvGapPVP.shn,65,TargetLv65,2,2
DamageLvGapPVP.shn,66,TargetLv66,2,2
DamageLvGapPVP.shn,67,TargetLv67,2,2
DamageLvGapPVP.shn,68,TargetLv68,2,2
DamageLvGapPVP.shn,69,TargetLv69,2,2
DamageLvGapPVP.shn,70,TargetLv70,2,2
DamageLvGapPVP.shn,71,TargetLv71,2,2
DamageLvGapPVP.shn,72,TargetLv72,2,2
DamageLvGapPVP.shn,73,TargetLv73,2,2
DamageLvGapPVP.shn,74,TargetLv74,2,2
DamageLvGapPVP.shn,75,TargetLv75,2,2
DamageLvGapPVP.shn,76,TargetLv76,2,2
DamageLvGapPVP.shn,77,TargetLv77,2,2
DamageLvGapPVP.shn,78,TargetLv78,2,2
DamageLvGapPVP.shn,79,TargetLv79,2,2
DamageLvGapPVP.shn,80,TargetLv80,2,2
DamageLvGapPVP.shn,81,TargetLv81,2,2
DamageLvGapPVP.shn,82,TargetLv82,2,2
DamageLvGapPVP.shn,83,TargetLv83,2,2
DamageLvGapPVP.shn,84,TargetLv84,2,2
DamageLvGapPVP.shn,85,TargetLv85,2,2
DamageLvGapPVP.shn,86,TargetLv86,2,2
DamageLvGapPVP.shn,87,TargetLv87,2,2
DamageLvGapPVP.shn,88,TargetLv88,2,2
DamageLvGapPVP.shn,89,TargetLv89,2,2
DamageLvGapPVP.shn,90,TargetLv90,2,2
DamageLvGapPVP.shn,91,TargetLv91,2,2
DamageLvGapPVP.shn,92,TargetLv92,2,2
DamageLvGapPVP.shn,93,TargetLv93,2,2
DamageLvGapPVP.shn,94,TargetLv94,2,2
DamageLvGapPVP.shn,95,TargetLv95,2,2
DamageLvGapPVP.shn,96,TargetLv96,2,2
DamageLvGapPVP.shn,97,TargetLv97,2,2
DamageLvGapPVP.shn,98,TargetLv98,2,2
DamageLvGapPVP.shn,99,TargetLv99,2,2
DamageLvGapPVP.shn,100,TargetLv100,2,2
DamageLvGapPVP.shn,101,TargetLv101,2,2
DamageLvGapPVP.shn,102,TargetLv102,2,2
DamageLvGapPVP.shn,103,TargetLv103,2,2
DamageLvGapPVP.shn,104,TargetLv104,2,2
DamageLvGapPVP.shn,105,TargetLv105,2,2
DamageLvGapPVP.shn,106,TargetLv106,2,2
DamageLvGapPVP.shn,107,TargetLv107,2,2
DamageLvGapPVP.shn,108,TargetLv108,2,2
DamageLvGapPVP.shn,109,TargetLv109,2,2
DamageLvGapPVP.shn,110,TargetLv110,2,2
DamageLvGapPVP.shn,111,TargetLv111,2,2
DamageLvGapPVP.shn,112,TargetLv112,2,2
DamageLvGapPVP.shn,113,TargetLv113,2,2
DamageLvGapPVP.shn,114,TargetLv114,2,2
DamageLvGapPVP.shn,115,TargetLv115,2,2
DamageLvGapPVP.shn,116,TargetLv116,2,2
DamageLvGapPVP.shn,117,TargetLv117,2,2
DamageLvGapPVP.shn,118,TargetLv118,2,2
DamageLvGapPVP.shn,119,TargetLv119,2,2
DamageLvGapPVP.shn,120,TargetLv120,2,2
DamageLvGapPVP.shn,121,TargetLv121,2,2
DamageLvGapPVP.shn,122,TargetLv122,2,2
DamageLvGapPVP.shn,123,TargetLv123,2,2
DamageLvGapPVP.shn,124,TargetLv124,2,2
DamageLvGapPVP.shn,125,TargetLv125,2,2
DamageLvGapPVP.shn,126,TargetLv126,2,2
DamageLvGapPVP.shn,127,TargetLv127,2,2
DamageLvGapPVP.shn,128,TargetLv128,2,2
DamageLvGapPVP.shn,129,TargetLv129,2,2
DamageLvGapPVP.shn,130,TargetLv130,2,2
DamageLvGapPVP.shn,131,TargetLv131,2,2
DamageLvGapPVP.shn,132,TargetLv132,2,2
DamageLvGapPVP.shn,133,TargetLv133,2,2
DamageLvGapPVP.shn,134,TargetLv134,2,2
DamageLvGapPVP.shn,135,TargetLv135,2,2
DamageLvGapPVP.shn,136,TargetLv136,2,2
DamageLvGapPVP.shn,137,TargetLv137,2,2
DamageLvGapPVP.shn,138,TargetLv138,2,2
DamageLvGapPVP.shn,139,TargetLv139,2,2
DamageLvGapPVP.shn,140,TargetLv140,2,2
DamageLvGapPVP.shn,141,TargetLv141,2,2
DamageLvGapPVP.shn,142,TargetLv142,2,2
DamageLvGapPVP.shn,143,TargetLv143,2,2
DamageLvGapPVP.shn,144,TargetLv144,2,2
DamageLvGapPVP.shn,145,TargetLv145,2,2
DamageLvGapPVP.shn,146,TargetLv146,2,2
DamageLvGapPVP.shn,147,TargetLv147,2,2
DamageLvGapPVP.shn,148,TargetLv148,2,2
DamageLvGapPVP.shn,149,TargetLv149,2,2
DamageLvGapPVP.shn,150,TargetLv150,2,2
DiceDividind.shn,0,DividendRate,21,2
DiceDividind.shn,1,,21,2
DiceDividind.shn,2,,21,2
DiceDividind.shn,3,,21,2
DiceDividind.shn,4,,21,2
DiceDividind.shn,5,,21,2
DiceDividind.shn,6,,21,2
DiceDividind.shn,7,,21,2
DiceDividind.shn,8,,21,2
DiceDividind.shn,9,,21,2
DiceDividind.shn,10,,21,2
DiceDividind.shn,11,,21,2
DiceDividind.shn,12,,21,2
DiceDividind.shn,13,,21,2
DiceDividind.shn,14,,21,2
DiceDividind.shn,15,AnyTriple,1,1
DiceGame.shn,0,ItemID,2,2
DiceGame.shn,1,UseMinLv,2,2
DiceGame.shn,2,GetSysRate,2,2
DiceGame.shn,3,GetMasterRate,2,2
DiceGame.shn,4,MinGetMoney,3,4
DiceGame.shn,5,MaxBetMoney,3,4
DiceGame.shn,6,CastTime,2,2
DiceGame.shn,7,DelayTime,2,2
DiceGame.shn,8,WinCode,22,4
DiceGame.shn,9,,22,4
DiceGame.shn,10,,22,4
DiceGame.shn,11,LoseCode,22,4
DiceGame.shn,12,,22,4
DiceGame.shn,13,,22,4
DiceRate.shn,0,Rate,3,4
EnchantSocketRate.shn,0,ItemGradeType,11,4
EnchantSocketRate.shn,1,Socket0,2,2
EnchantSocketRate.shn,2,Socket1,2,2
EnchantSocketRate.shn,3,Socket2,2,2
ErrorCodeTable.shn,0,ErrorCode,11,4
ErrorCodeTable.shn,1,ErrorMessageIndex,9,64
FaceInfo.shn,0,ID,1,1
FaceInfo.shn,1,FaceName,9,32
FaceInfo.shn,2,Grade,1,1
FaceInfo.shn,3,FM_F_Male,1,1
FaceInfo.shn,4,FT_F_Male,1,1
FaceInfo.shn,5,FM_F_Female,1,1
FaceInfo.shn,6,FT_F_Female,1,1
FaceInfo.shn,7,FM_C_Male,1,1
FaceInfo.shn,8,FT_C_Male,1,1
FaceInfo.shn,9,FM_C_Female,1,1
FaceInfo.shn,10,FT_C_Female,1,1
FaceInfo.shn,11,FM_A_Male,1,1
FaceInfo.shn,12,FT_A_Male,1,1
FaceInfo.shn,13,FM_A_Female,1,1
FaceInfo.shn,14,FT_A_Female,1,1
FaceInfo.shn,15,FM_M_Male,1,1
FaceInfo.shn,16,FT_M_Male,1,1
FaceInfo.shn,17,FM_M_Female,1,1
FaceInfo.shn,18,FT_M_Female,1,1
FaceInfo.shn,19,FM_J_Male,1,1
FaceInfo.shn,20,FT_J_Male,1,1
FaceInfo.shn,21,FM_J_Female,1,1
FaceInfo.shn,22,FT_J_Female,1,1
FaceInfo.shn,23,FM_S_Male,1,1
FaceInfo.shn,24,FT_S_Male,1,1
FaceInfo.shn,25,FM_S_Female,1,1
FaceInfo.shn,26,FT_S_Female,1,1
FieldLvCondition.shn,0,MapIndex,9,33
FieldLvCondition.shn,1,ModeIDLv,1,1
FieldLvCondition.shn,2,LvFrom,2,2
FieldLvCondition.shn,3,LvTo,2,2
FriendPointReward.shn,0,InxName,9,32
FriendPointReward.shn,1,Lot,3,4
FriendPointReward.shn,2,FPR_Rate,3,4
GBBanTime.shn,0,GameType,11,4
GBBanTime.shn,1,GB_Ban,11,4
GBBanTime.shn,2,GB_BanTime,3,4
GBDiceDividind.shn,0,DividendRate,21,2
GBDiceDividind.shn,1,,21,2
GBDiceDividind.shn,2,,21,2
GBDiceDividind.shn,3,,21,2
GBDiceDividind.shn,4,,21,2
GBDiceDividind.shn,5,,21,2
GBDiceDividind.shn,6,,21,2
GBDiceDividind.shn,7,,21,2
GBDiceDividind.shn,8,,21,2
GBDiceDividind.shn,9,,21,2
GBDiceDividind.shn,10,,21,2
GBDiceDividind.shn,11,,21,2
GBDiceDividind.shn,12,,21,2
GBDiceDividind.shn,13,,21,2
GBDiceDividind.shn,14,,21,2
GBDiceDividind.shn,15,AnyTriple,1,1
GBDiceGame.shn,0,MaxBetMoney,3,4
GBDiceGame.shn,1,CastTime,2,2
GBDiceGame.shn,2,DelayTime,2,2
GBDiceRate.shn,0,Rate,3,4
GBEventCode.shn,0,GameType,11,4
GBEventCode.shn,1,GB_ANI,11,4
GBEventCode.shn,2,GB_ECode,3,4
GBExchangeMaxCoin.shn,0,Level,1,1
GBExchangeMaxCoin.shn,1,ExchangeMaxCoin,3,4
GBHouse.shn,0,GB_GameMoney,3,4
GBHouse.shn,1,GB_ExchangeTax,3,4
GBHouse.shn,2,GB_ResetTimeHour,1,1
GBHouse.shn,3,GB_ResetTimeMin,1,1
GBHouse.shn,4,GB_ResetTimeSec,1,1
GBJoinGameMember.shn,0,GameType,11,4
GBJoinGameMember.shn,1,MinJoinMember,1,1
GBJoinGameMember.shn,2,MaxJoinMember,1,1
GBReward.shn,0,GameType,11,4
GBReward.shn,1,RewardType,11,4
GBReward.shn,2,Item_INX,9,32
GBSMAll.shn,0,GBSM_GroupID,1,1
GBSMAll.shn,1,GBSM_Num,1,1
GBSMAll.shn,2,GBSM_RatioAll,2,2
GBSMAll.shn,3,GBSM_IsJP,1,1
GBSMBetCoin.shn,0,GBSMBet,11,4
GBSMBetCoin.shn,1,GBSMCoin,2,2
GBSMCardRate.shn,0,GBSMCard,11,4
GBSMCardRate.shn,1,GBSM_CardRate,2,2
GBSMCenter.shn,0,GBSM_GroupID,1,1
GBSMCenter.shn,1,GBSM_RatioCenter,2,2
GBSMGroup.shn,0,GBSM_GroupID,1,1
GBSMGroup.shn,1,GBSMCard,11,4
GBSMJPRate.shn,0,GBSM_MinCount,3,4
GBSMJPRate.shn,1,GBSM_MaxCount,3,4
GBSMJPRate.shn,2,GBSM_JPRate,3,4
GBSMLine.shn,0,GBSM_GroupID,1,1
GBSMLine.shn,1,GBSM_Num,1,1
GBSMLine.shn,2,GBSM_RatioLine,2,2
GBSMNPC.shn,0,GBSM_MobInx,9,32
GBSMNPC.shn,1,GBSMBet,11,4
GBTaxRate.shn,0,GameType,11,4
GBTaxRate.shn,1,GB_TaxRate,2,2
GBTaxRate.shn,2,GB_JPSave,11,4
GBTaxRate.shn,3,GB_JPSaveRate,2,2
GTIBreedSubject.shn,0,InxName,9,33
GTIBreedSubject.shn,1,MobIndex,9,32
GTIGetRate.shn,0,ID,1,1
GTIGetRate.shn,1,Win1,1,1
GTIGetRate.shn,2,Lose1,1,1
GTIGetRate.shn,3,Win2,1,1
GTIGetRate.shn,4,Lose2,1,1
GTIGetRate.shn,5,Win3,1,1
GTIGetRate.shn,6,Lose3,1,1
GTIGetRateGap.shn,0,ID,1,1
GTIGetRateGap.shn,1,Gap,2,2
GTIServer.shn,0,ID,1,1
GTIServer.shn,1,InxName,9,33
GTIServer.shn,2,SubjectTarget,11,4
GTIServer.shn,3,EnemyNumber,1,1
GTIServer.shn,4,GTIActionType,11,4
GTIServer.shn,5,Index,9,32
GTIServer.shn,6,Value,1,1
GTWinScore.shn,0,WinScore,2,2
Gather.shn,0,GatherID,2,2
Gather.shn,1,Index,9,32
Gather.shn,2,Type,11,4
Gather.shn,3,NeededTool0,9,32
Gather.shn,4,NeededTool1,9,32
Gather.shn,5,NeededTool2,9,32
Gather.shn,6,EqipItemView,9,32
Gather.shn,7,AniNumber,3,4
Gather.shn,8,Gauge,3,4
GradeItemOption.shn,0,ItemIndex,9,32
GradeItemOption.shn,1,STR,2,2
GradeItemOption.shn,2,CON,2,2
GradeItemOption.shn,3,DEX,2,2
GradeItemOption.shn,4,INT,2,2
GradeItemOption.shn,5,MEN,2,2
GradeItemOption.shn,6,ResistPoison,2,2
GradeItemOption.shn,7,ResistDeaseas,2,2
GradeItemOption.shn,8,ResistCurse,2,2
GradeItemOption.shn,9,ResistMoveSpdDown,2,2
GradeItemOption.shn,10,ToHitRate,2,2
GradeItemOption.shn,11,ToBlockRate,2,2
GradeItemOption.shn,12,MaxHP,2,2
GradeItemOption.shn,13,MaxSP,2,2
GradeItemOption.shn,14,WCPlus,2,2
GradeItemOption.shn,15,MAPlus,2,2
GroupAbState.shn,0,GroupAbStateIDX,9,32
GroupAbState.shn,1,AbstateIDX,9,32
GroupAbState.shn,2,Strength,1,1
GuildAcademy.shn,0,BuffName,9,32
GuildAcademy.shn,1,LeastJoinTime,3,4
GuildAcademy.shn,2,RankAggregationTime,20,1
GuildAcademy.shn,3,,20,1
GuildAcademyLevelUp.shn,0,Level,1,1
GuildAcademyLevelUp.shn,1,Point,3,4
GuildAcademyLevelUp.shn,2,BuffTime,3,4
GuildAcademyRank.shn,0,Rank,20,1
GuildAcademyRank.shn,1,,20,1
GuildAcademyRank.shn,2,Fame,3,4
GuildAcademyRank.shn,3,BuffName,9,32
GuildGradeData.shn,0,Type,1,1
GuildGradeData.shn,1,NeedFame,3,4
GuildGradeData.shn,2,MaxOfMember,2,2
GuildGradeData.shn,3,MaxOfGradeMember,21,2
GuildGradeData.shn,4,,21,2
GuildGradeData.shn,5,,21,2
GuildGradeData.shn,6,,21,2
GuildGradeData.shn,7,,21,2
GuildGradeData.shn,8,,21,2
GuildGradeData.shn,9,,21,2
GuildGradeScoreData.shn,0,GradeScore,21,2
GuildGradeScoreData.shn,1,,21,2
GuildGradeScoreData.shn,2,,21,2
GuildGradeScoreData.shn,3,,21,2
GuildGradeScoreData.shn,4,,21,2
GuildGradeScoreData.shn,5,,21,2
GuildGradeScoreData.shn,6,,21,2
GuildLevelScoreData.shn,0,CheckLevel,2,2
GuildLevelScoreData.shn,1,AddLevelScore,2,2
GuildTournament.shn,0,isActive,1,1
GuildTournament.shn,1,Weeks,1,1
GuildTournament.shn,2,Week,1,1
GuildTournament.shn,3,Hour,1,1
GuildTournament.shn,4,Minute,1,1
GuildTournament.shn,5,TermHour,1,1
GuildTournament.shn,6,TermMinute,1,1
GuildTournament.shn,7,MatchCycleMin,2,2
GuildTournament.shn,8,ExploerTimeMin,2,2
GuildTournament.shn,9,WaitPlayTimeSec,2,2
GuildTournament.shn,10,PlayTime,2,2
GuildTournament.shn,11,Deadline,2,2
GuildTournament.shn,12,MatchDelay,2,2
GuildTournament.shn,13,Match_161,2,2
GuildTournament.shn,14,Match_162,2,2
GuildTournament.shn,15,Match_8,2,2
GuildTournament.shn,16,Match_4,2,2
GuildTournament.shn,17,Match_2,2,2
GuildTournamentLvGap.shn,0,MAP_TYPE,2,2
GuildTournamentLvGap.shn,1,LvGap,5,4
GuildTournamentLvGap.shn,2,PointRate,2,2
GuildTournamentMasterBuff.shn,0,MAP_TYPE,2,2
GuildTournamentMasterBuff.shn,1,StateName,9,32
GuildTournamentOccupy.shn,0,MAP_TYPE,2,2
GuildTournamentOccupy.shn,1,OccupyTime,2,2
GuildTournamentOccupy.shn,2,Score,2,2
GuildTournamentRequire.shn,0,MinLv,1,1
GuildTournamentRequire.shn,1,MinMem,2,2
GuildTournamentRequire.shn,2,JoinMoney,3,4
GuildTournamentReward.shn,0,Rank,1,1
GuildTournamentReward.shn,1,RewardGroup,1,1
GuildTournamentReward.shn,2,RewardType,11,4
GuildTournamentReward.shn,3,Value1,3,4
GuildTournamentReward.shn,4,Value2,3,4
GuildTournamentReward.shn,5,Value3,3,4
GuildTournamentReward.shn,6,IO_Str,3,4
GuildTournamentReward.shn,7,IO_Con,3,4
GuildTournamentReward.shn,8,IO_Dex,3,4
GuildTournamentReward.shn,9,IO_Int,3,4
GuildTournamentReward.shn,10,IO_Men,3,4
GuildTournamentScore.shn,0,MAP_TYPE,2,2
GuildTournamentScore.shn,1,GradeScore,21,2
GuildTournamentScore.shn,2,,21,2
GuildTournamentScore.shn,3,,21,2
GuildTournamentScore.shn,4,,21,2
GuildTournamentScore.shn,5,,21,2
GuildTournamentScore.shn,6,,21,2
GuildTournamentScore.shn,7,,21,2
GuildTournamentSkill.shn,0,MAP_TYPE,2,2
GuildTournamentSkill.shn,1,Index,2,2
GuildTournamentSkill.shn,2,DeathPoint,2,2
GuildTournamentSkill.shn,3,StaName,9,32
GuildTournamentSkill.shn,4,TargetType,11,4
GuildTournamentSkill.shn,5,DlyTime,3,4
HairColorInfo.shn,0,ID,1,1
HairColorInfo.shn,1,IndexName,9,15
HairColorInfo.shn,2,Name,9,30
HairColorInfo.shn,3,ColorTextureName,9,15
HairColorInfo.shn,4,Grade,1,1
HairInfo.shn,0,ID,1,1
HairInfo.shn,1,IndexName,9,32
HairInfo.shn,2,HairName,9,32
HairInfo.shn,3,Grade,1,1
HairInfo.shn,4,fighter,11,4
HairInfo.shn,5,archer,11,4
HairInfo.shn,6,cleric,11,4
HairInfo.shn,7,mage,11,4
HairInfo.shn,8,Joker,11,4
HairInfo.shn,9,Sentinel,11,4
HairInfo.shn,10,ucIsLink_Front,1,1
HairInfo.shn,11,acModelName_Front,9,32
HairInfo.shn,12,FrontTex,9,32
HairInfo.shn,13,ucIsLink_Bottom,1,1
HairInfo.shn,14,acModelName_Bottom,9,32
HairInfo.shn,15,BottomTex,9,32
HairInfo.shn,16,ucIsLink_Top,1,1
HairInfo.shn,17,acModelName_Top,9,32
HairInfo.shn,18,TopTex,9,32
HairInfo.shn,19,Exception1,11,4
HairInfo.shn,20,Exception2,11,4
HairInfo.shn,21,ucIsLink_Acc,1,1
HairInfo.shn,22,acModelName_Acc,9,32
HairInfo.shn,23,Acc1Tex,9,32
HairInfo.shn,24,ucIsLink_Acc2,1,1
HairInfo.shn,25,acModelName_Acc2,9,32
HairInfo.shn,26,Acc2Tex,9,32
HairInfo.shn,27,ucIsLink_Acc3,1,1
HairInfo.shn,28,acModelName_Acc3,9,32
HairInfo.shn,29,Acc3Tex,9,32
HolyPromiseReward.shn,0,Level,1,1
HolyPromiseReward.shn,1,Class,1,1
HolyPromiseReward.shn,2,ItemIndex,9,33
HolyPromiseReward.shn,3,Lot,2,2
HolyPromiseReward.shn,4,Upgrade,1,1
HolyPromiseReward.shn,5,IO_Str,3,4
HolyPromiseReward.shn,6,IO_Con,3,4
HolyPromiseReward.shn,7,IO_Dex,3,4
HolyPromiseReward.shn,8,IO_Int,3,4
HolyPromiseReward.shn,9,IO_Men,3,4
HolyPromiseReward.shn,10,Res1,3,4
HolyPromiseReward.shn,11,Res2,3,4
HolyPromiseReward.shn,12,Res3,3,4
ItemAction.shn,0,ItemActionID,2,2
ItemAction.shn,1,ConditionID,2,2
ItemAction.shn,2,EffectID,2,2
ItemAction.shn,3,CoolTime,3,4
ItemAction.shn,4,CoolGroupActionID,2,2
ItemActionCondition.shn,0,ConditionID,2,2
ItemActionCondition.shn,1,SubjectTarget,29,8
ItemActionCondition.shn,2,ObjectTarget,29,8
ItemActionCondition.shn,3,ConditionActivity,29,8
ItemActionCondition.shn,4,ActivityRate,2,2
ItemActionCondition.shn,5,Range,2,2
ItemActionEffect.shn,0,EffectID,2,2
ItemActionEffect.shn,1,EffectTarget,29,8
ItemActionEffect.shn,2,EffectActivity,29,8
ItemActionEffect.shn,3,Value,2,2
ItemActionEffect.shn,4,Area,2,2
ItemDismantle.shn,0,ID,1,1
ItemDismantle.shn,1,Grade,1,1
ItemDismantle.shn,2,Armor,22,4
ItemDismantle.shn,3,,22,4
ItemDismantle.shn,4,,22,4
ItemDismantle.shn,5,,22,4
ItemDismantle.shn,6,,22,4
ItemDismantle.shn,7,Boot,22,4
ItemDismantle.shn,8,,22,4
ItemDismantle.shn,9,,22,4
ItemDismantle.shn,10,,22,4
ItemDismantle.shn,11,,22,4
ItemDismantle.shn,12,Shield,22,4
ItemDismantle.shn,13,,22,4
ItemDismantle.shn,14,,22,4
ItemDismantle.shn,15,,22,4
ItemDismantle.shn,16,,22,4
ItemDismantle.shn,17,Weapon,22,4
ItemDismantle.shn,18,,22,4
ItemDismantle.shn,19,,22,4
ItemDismantle.shn,20,,22,4
ItemDismantle.shn,21,,22,4
ItemDismantle.shn,22,Amulet,22,4
ItemDismantle.shn,23,,22,4
ItemDismantle.shn,24,,22,4
ItemDismantle.shn,25,,22,4
ItemDismantle.shn,26,,22,4
ItemDropLog.shn,0,ItemID,3,4
ItemInfo.shn,0,ID,2,2
ItemInfo.shn,1,InxName,9,32
ItemInfo.shn,2,Name,9,64
ItemInfo.shn,3,Type,11,4
ItemInfo.shn,4,Class,11,4
ItemInfo.shn,5,MaxLot,3,4
ItemInfo.shn,6,Equip,11,4
ItemInfo.shn,7,ItemAuctionGroup,11,4
ItemInfo.shn,8,ItemGradeType,11,4
ItemInfo.shn,9,TwoHand,1,1
ItemInfo.shn,10,AtkSpeed,3,4
ItemInfo.shn,11,DemandLv,3,4
ItemInfo.shn,12,Grade,3,4
ItemInfo.shn,13,MinWC,3,4
ItemInfo.shn,14,MaxWC,3,4
ItemInfo.shn,15,AC,3,4
ItemInfo.shn,16,MinMA,3,4
ItemInfo.shn,17,MaxMA,3,4
ItemInfo.shn,18,MR,3,4
ItemInfo.shn,19,TH,3,4
ItemInfo.shn,20,TB,3,4
ItemInfo.shn,21,WCRate,3,4
ItemInfo.shn,22,MARate,3,4
ItemInfo.shn,23,ACRate,3,4
ItemInfo.shn,24,MRRate,3,4
ItemInfo.shn,25,CriRate,3,4
ItemInfo.shn,26,CriMinWc,3,4
ItemInfo.shn,27,CriMaxWc,3,4
ItemInfo.shn,28,CriMinMa,3,4
ItemInfo.shn,29,CriMaxMa,3,4
ItemInfo.shn,30,CrlTB,3,4
ItemInfo.shn,31,UseClass,11,4
ItemInfo.shn,32,BuyPrice,3,4
ItemInfo.shn,33,SellPrice,3,4
ItemInfo.shn,34,BuyDemandLv,1,1
ItemInfo.shn,35,BuyFame,3,4
ItemInfo.shn,36,BuyGToken,3,4
ItemInfo.shn,37,BuyGBCoin,3,4
ItemInfo.shn,38,WeaponType,11,4
ItemInfo.shn,39,ArmorType,11,4
ItemInfo.shn,40,UpLimit,1,1
ItemInfo.shn,41,BasicUpInx,2,2
ItemInfo.shn,42,UpSucRatio,2,2
ItemInfo.shn,43,UpLuckRatio,2,2
ItemInfo.shn,44,UpResource,1,1
ItemInfo.shn,45,AddUpInx,2,2
ItemInfo.shn,46,ShieldAC,3,4
ItemInfo.shn,47,HitRatePlus,3,4
ItemInfo.shn,48,EvaRatePlus,3,4
ItemInfo.shn,49,MACriPlus,3,4
ItemInfo.shn,50,CriDamPlus,3,4
ItemInfo.shn,51,MagCriDamPlus,3,4
ItemInfo.shn,52,BT_Inx,11,4
ItemInfo.shn,53,TitleName,9,32
ItemInfo.shn,54,ItemUseSkill,9,32
ItemInfo.shn,55,SetItemIndex,9,32
ItemInfo.shn,56,ItemFunc,11,4
ItemInfoServer.shn,0,ID,3,4
ItemInfoServer.shn,1,InxName,9,32
ItemInfoServer.shn,2,MarketIndex,9,20
ItemInfoServer.shn,3,City,20,1
ItemInfoServer.shn,4,DropGroupA,9,40
ItemInfoServer.shn,5,DropGroupB,9,40
ItemInfoServer.shn,6,RandomOptionDropGroup,9,33
ItemInfoServer.shn,7,Vanish,3,4
ItemInfoServer.shn,8,looting,3,4
ItemInfoServer.shn,9,DropRateKilledByMob,2,2
ItemInfoServer.shn,10,DropRateKilledByPlayer,2,2
ItemInfoServer.shn,11,ISET_Index,11,4
ItemInfoServer.shn,12,ItemSort_Index,9,32
ItemInfoServer.shn,13,KQItem,1,1
ItemInfoServer.shn,14,PK_KQ_USE,1,1
ItemInfoServer.shn,15,KQ_Item_Drop,1,1
ItemInfoServer.shn,16,PreventAttack,1,1
ItemInvenDel.shn,0,InxName,9,32
ItemInvenDel.shn,1,DelCondition,11,4
ItemMerchantInfo.shn,0,Map,10,4
ItemMerchantInfo.shn,1,Sub,1,1
ItemMix.shn,0,Raw_ItemIDX,9,32
ItemMix.shn,1,Mix_ItemIDX,9,32
ItemMoney.shn,0,IM_ItemIDX,9,32
ItemMoney.shn,1,IM_MoneyIDX,9,32
ItemMoney.shn,2,IM_MoneyLot,2,2
ItemOptions.shn,0,OptionDegree,2,2
ItemOptions.shn,1,Type,11,4
ItemOptions.shn,2,Interval,1,1
ItemOptions.shn,3,Rate,21,2
ItemOptions.shn,4,,21,2
ItemOptions.shn,5,,21,2
ItemOptions.shn,6,,21,2
ItemOptions.shn,7,,21,2
ItemOptions.shn,8,,21,2
ItemOptions.shn,9,,21,2
ItemOptions.shn,10,,21,2
ItemOptions.shn,11,,21,2
ItemPackage.shn,0,Handle,2,2
ItemPackage.shn,1,ItemID,9,32
ItemPackage.shn,2,Content,9,32
ItemPackage.shn,3,Number,2,2
ItemServerEquipTypeInfo.shn,0,ISET_Index,11,4
ItemServerEquipTypeInfo.shn,1,Equ_Neckles,1,1
ItemServerEquipTypeInfo.shn,2,Equ_Head,1,1
ItemServerEquipTypeInfo.shn,3,Equ_Ear,1,1
ItemServerEquipTypeInfo.shn,4,Equ_RightHand,1,1
ItemServerEquipTypeInfo.shn,5,Equ_Body,1,1
ItemServerEquipTypeInfo.shn,6,Equ_LeftHand,1,1
ItemServerEquipTypeInfo.shn,7,Equ_RingA,1,1
ItemServerEquipTypeInfo.shn,8,Equ_Pant,1,1
ItemServerEquipTypeInfo.shn,9,Equ_RingB,1,1
ItemServerEquipTypeInfo.shn,10,Equ_Boot,1,1
ItemServerEquipTypeInfo.shn,11,Equ_AccBoot,1,1
ItemServerEquipTypeInfo.shn,12,Equ_AccPant,1,1
ItemServerEquipTypeInfo.shn,13,Equ_AccBody,1,1
ItemServerEquipTypeInfo.shn,14,Equ_AccMouth,1,1
ItemServerEquipTypeInfo.shn,15,Equ_AccEye,1,1
ItemServerEquipTypeInfo.shn,16,Equ_AccHead,1,1
ItemServerEquipTypeInfo.shn,17,Equ_AccLeftHand,1,1
ItemServerEquipTypeInfo.shn,18,Equ_AccRightHand,1,1
ItemServerEquipTypeInfo.shn,19,Equ_AccBack,1,1
ItemServerEquipTypeInfo.shn,20,Equ_CosEff,1,1
ItemServerEquipTypeInfo.shn,21,Equ_AccHip,1,1
ItemServerEquipTypeInfo.shn,22,Equ_MiniMon,1,1
ItemServerEquipTypeInfo.shn,23,Equ_MiniMon_R,1,1
ItemServerEquipTypeInfo.shn,24,Equ_AccShield,1,1
ItemServerEquipTypeInfo.shn,25,Equ_Bracelet,1,1
ItemShop.shn,0,goodsNo,3,4
ItemShop.shn,1,InxName,9,32
ItemShop.shn,2,Lot,3,4
ItemSort.shn,0,ItemSort_Index,9,32
ItemUpgrade.shn,0,ID,3,4
ItemUpgrade.shn,1,CriFail,2,2
ItemUpgrade.shn,2,DownFail,2,2
ItemUpgrade.shn,3,NormalFail,2,2
ItemUpgrade.shn,4,nCon,2,2
ItemUpgrade.shn,5,LuckySuc,2,2
ItemUseEffect.shn,0,ItemIndex,9,32
ItemUseEffect.shn,1,UseEffectA,11,4
ItemUseEffect.shn,2,UseValueA,2,2
ItemUseEffect.shn,3,UseEffectB,11,4
ItemUseEffect.shn,4,UseValueB,2,2
ItemUseEffect.shn,5,UseEffectC,11,4
ItemUseEffect.shn,6,UseValueC,2,2
ItemUseEffect.shn,7,UseAbstateName,9,32
ItemUseEffect.shn,8,UseAbstateIndex,3,4
JobEquipInfo.shn,0,ChrClass,11,4
JobEquipInfo.shn,1,Equ_RightHand,9,32
JobEquipInfo.shn,2,Equ_LeftHand,9,32
JobEquipInfo.shn,3,Equ_Shoes,9,32
JobEquipInfo.shn,4,Equ_Head,9,32
JobEquipInfo.shn,5,Equ_Leg,9,32
JobEquipInfo.shn,6,Equ_Body,9,32
JobEquipInfo.shn,7,Equ_ETC,9,32
KQIsVote.shn,0,ID,13,2
KQIsVote.shn,1,IsVote,1,1
KQItem.shn,0,ItemIndex,9,32
KQItem.shn,1,MoveSpdRate,2,2
KQItem.shn,2,AbsoluteAttack,2,2
KQItem.shn,3,PickupLimit,2,2
KQTeam.shn,0,ID,13,2
KQTeam.shn,1,MaxMemberGap,1,1
KQTeam.shn,2,IsTeamPVP,1,1
KQTeam.shn,3,KQTeamDivideType,13,2
KQTeam.shn,4,RegenXRed,3,4
KQTeam.shn,5,RegenYRed,3,4
KQTeam.shn,6,RegenXBlue,3,4
KQTeam.shn,7,RegenYBlue,3,4
KQVoteMajorityRate.shn,0,VoteAgreeRate,1,1
KingdomQuest.shn,0,ID,13,2
KingdomQuest.shn,1,Title,9,64
KingdomQuest.shn,2,LimitTime,2,2
KingdomQuest.shn,3,ST_Year,1,1
KingdomQuest.shn,4,ST_Month,1,1
KingdomQuest.shn,5,ST_Day,1,1
KingdomQuest.shn,6,ST_Hour,1,1
KingdomQuest.shn,7,ST_Minute,1,1
KingdomQuest.shn,8,ST_Second,1,1
KingdomQuest.shn,9,StartWaitTime,2,2
KingdomQuest.shn,10,NextStartMode,12,1
KingdomQuest.shn,11,NextStartDeleyMin,2,2
KingdomQuest.shn,12,RepeatMode,12,1
KingdomQuest.shn,13,RepeatCount,2,2
KingdomQuest.shn,14,MinLevel,1,1
KingdomQuest.shn,15,MaxLevel,1,1
KingdomQuest.shn,16,MinPlayers,2,2
KingdomQuest.shn,17,MaxPlayers,2,2
KingdomQuest.shn,18,PlayerRepeatMode,12,1
KingdomQuest.shn,19,PlayerRepeatCount,2,2
KingdomQuest.shn,20,PlayerRevivalMode,12,1
KingdomQuest.shn,21,PlayerRevivalCount,1,1
KingdomQuest.shn,22,DemandQuest,2,2
KingdomQuest.shn,23,DemandItem,2,2
KingdomQuest.shn,24,DemandMobKill,1,1
KingdomQuest.shn,25,RewardIndex,11,4
KingdomQuest.shn,26,MapLink,21,2
KingdomQuest.shn,27,,21,2
KingdomQuest.shn,28,,21,2
KingdomQuest.shn,29,,21,2
KingdomQuest.shn,30,ScriptLanguage,9,32
KingdomQuest.shn,31,InitValue,9,32
KingdomQuest.shn,32,UseClass,11,4
KingdomQuest.shn,33,DemandGender,20,1
KingdomQuest.shn,34,,20,1
KingdomQuestMap.shn,0,NumOfMap,1,1
KingdomQuestMap.shn,1,BaseMap,9,32
KingdomQuestMap.shn,2,Map,24,32
KingdomQuestMap.shn,3,,24,32
KingdomQuestMap.shn,4,,24,32
KingdomQuestMap.shn,5,,24,32
KingdomQuestMap.shn,6,,24,32
KingdomQuestMap.shn,7,,24,32
KingdomQuestMap.shn,8,,24,32
KingdomQuestMap.shn,9,,24,32
KingdomQuestMap.shn,10,,24,32
KingdomQuestMap.shn,11,,24,32
KingdomQuestMap.shn,12,Clear,20,1
KingdomQuestMap.shn,13,,20,1
KingdomQuestMap.shn,14,,20,1
KingdomQuestMap.shn,15,,20,1
KingdomQuestMap.shn,16,,20,1
KingdomQuestMap.shn,17,,20,1
KingdomQuestMap.shn,18,,20,1
KingdomQuestMap.shn,19,,20,1
KingdomQuestMap.shn,20,,20,1
KingdomQuestMap.shn,21,,20,1
KingdomQuestRew.shn,0,ID,11,4
KingdomQuestRew.shn,1,IndexString,9,32
KingdomQuestRew.shn,2,KQBoxItemIDX,9,32
KingdomQuestRew.shn,3,Reward,21,2
KingdomQuestRew.shn,4,,21,2
KingdomQuestRew.shn,5,,21,2
KingdomQuestRew.shn,6,,21,2
KingdomQuestRew.shn,7,,21,2
KingdomQuestRew.shn,8,,21,2
KingdomQuestRew.shn,9,,21,2
KingdomQuestRew.shn,10,,21,2
KingdomQuestRew.shn,11,,21,2
KingdomQuestRew.shn,12,,21,2
KingdomQuestRew.shn,13,,21,2
KingdomQuestRew.shn,14,,21,2
KingdomQuestRew.shn,15,,21,2
KingdomQuestRew.shn,16,,21,2
KingdomQuestRew.shn,17,,21,2
KingdomQuestRew.shn,18,RewardRate,21,2
KingdomQuestRew.shn,19,,21,2
KingdomQuestRew.shn,20,,21,2
KingdomQuestRew.shn,21,,21,2
KingdomQuestRew.shn,22,,21,2
KingdomQuestRew.shn,23,,21,2
KingdomQuestRew.shn,24,,21,2
KingdomQuestRew.shn,25,,21,2
KingdomQuestRew.shn,26,,21,2
KingdomQuestRew.shn,27,,21,2
KingdomQuestRew.shn,28,,21,2
KingdomQuestRew.shn,29,,21,2
KingdomQuestRew.shn,30,,21,2
KingdomQuestRew.shn,31,,21,2
KingdomQuestRew.shn,32,,21,2
LCGroupRate.shn,0,Item_ID,3,4
LCGroupRate.shn,1,LCR_Group,1,1
LCGroupRate.shn,2,LCR_Rate,3,4
LCReward.shn,0,LCR_Group,1,1
LCReward.shn,1,Item_Inx,9,32
LCReward.shn,2,LCR_Lot,1,1
MapBuff.shn,0,MapName,9,12
MapBuff.shn,1,ModeIDLv,11,4
MapBuff.shn,2,AbStateIDX,9,32
MapInfo.shn,0,ID,2,2
MapInfo.shn,1,MapName,9,12
MapInfo.shn,2,Name,9,32
MapInfo.shn,3,IsWMLink,11,4
MapInfo.shn,4,RegenX,3,4
MapInfo.shn,5,RegenY,3,4
MapInfo.shn,6,KingdomMap,1,1
MapInfo.shn,7,MapFolderName,9,12
MapInfo.shn,8,InSide,1,1
MapInfo.shn,9,Sight,3,4
MapLinkPoint.shn,0,MLP_FromID,3,4
MapLinkPoint.shn,1,MLP_ToID,3,4
MapLinkPoint.shn,2,MLP_Weight,3,4
MapLinkPoint.shn,3,MLP_OneWay_Street,2,2
MapWayPoint.shn,0,MapID,2,2
MapWayPoint.shn,1,X,3,4
MapWayPoint.shn,2,Y,3,4
MapWayPoint.shn,3,MWP_Gate,1,1
MarketSearchInfo.shn,0,AuctionSubType,11,4
MarketSearchInfo.shn,1,MarketSearchType,11,4
MiniHouse.shn,0,Handle,2,2
MiniHouse.shn,1,ItemID,9,32
MiniHouse.shn,2,DummyType,9,32
MiniHouse.shn,3,Backimage,9,32
MiniHouse.shn,4,KeepTime_Hour,2,2
MiniHouse.shn,5,HPTick,2,2
MiniHouse.shn,6,SPTick,2,2
MiniHouse.shn,7,HPRecovery,2,2
MiniHouse.shn,8,SPRecovery,2,2
MiniHouse.shn,9,Casting,2,2
MiniHouse.shn,10,Slot,1,1
MiniHouseDummy.shn,0,No,2,2
MiniHouseDummy.shn,1,Index,9,32
MiniHouseDummy.shn,2,IconFileName,9,32
MiniHouseDummy.shn,3,nIconNum,2,2
MiniHouseDummy.shn,4,HPTick,2,2
MiniHouseDummy.shn,5,SPTick,2,2
MiniHouseDummy.shn,6,HPRecovery,2,2
MiniHouseDummy.shn,7,SPRecovery,2,2
MiniHouseDummy.shn,8,Casting,2,2
MiniHouseDummy.shn,9,Slot,1,1
MiniHouseDummy.shn,10,HouseAType,9,32
MiniHouseDummy.shn,11,HouseALoc,3,4
MiniHouseDummy.shn,12,HouseBType,9,32
MiniHouseDummy.shn,13,HouseBLoc,3,4
MiniHouseDummy.shn,14,HouseCType,9,32
MiniHouseDummy.shn,15,HouseCLoc,3,4
MiniHouseEndure.shn,0,Handle,2,2
MiniHouseEndure.shn,1,Endure,21,2
MiniHouseEndure.shn,2,,21,2
MiniHouseEndure.shn,3,,21,2
MiniHouseEndure.shn,4,,21,2
MiniHouseFurniture.shn,0,Handle,2,2
MiniHouseFurniture.shn,1,ItemID,9,32
MiniHouseFurniture.shn,2,FurnitureType,9,32
MiniHouseFurniture.shn,3,InvenType,9,32
MiniHouseFurniture.shn,4,GameType,11,4
MiniHouseFurniture.shn,5,CanSet,1,1
MiniHouseFurniture.shn,6,Backimage,9,32
MiniHouseFurniture.shn,7,WALL,1,1
MiniHouseFurniture.shn,8,BOTTOM,1,1
MiniHouseFurniture.shn,9,CEILING,1,1
MiniHouseFurniture.shn,10,IsAnimation,1,1
MiniHouseFurniture.shn,11,Weight,2,2
MiniHouseFurniture.shn,12,KeepTime_Hour,2,2
MiniHouseFurniture.shn,13,KeepTime_Endure,2,2
MiniHouseFurniture.shn,14,Grip,1,1
MiniHouseFurniture.shn,15,MaxSlot,1,1
MiniHouseFurniture.shn,16,MHEmotionID,1,1
MiniHouseFurnitureObjEffect.shn,0,Handle,2,2
MiniHouseFurnitureObjEffect.shn,1,ItemID,9,32
MiniHouseFurnitureObjEffect.shn,2,EffectEnum,11,4
MiniHouseFurnitureObjEffect.shn,3,EffectIndex,9,32
MiniHouseFurnitureObjEffect.shn,4,ApplyRange,22,4
MiniHouseFurnitureObjEffect.shn,5,,22,4
MiniHouseFurnitureObjEffect.shn,6,,22,4
MiniHouseFurnitureObjEffect.shn,7,,22,4
MiniHouseFurnitureObjEffect.shn,8,,22,4
MiniHouseFurnitureObjEffect.shn,9,UseRange,22,4
MiniHouseFurnitureObjEffect.shn,10,,22,4
MiniHouseFurnitureObjEffect.shn,11,,22,4
MiniHouseFurnitureObjEffect.shn,12,,22,4
MiniHouseFurnitureObjEffect.shn,13,,22,4
MiniHouseFurnitureObjEffect.shn,14,NeedItem,9,32
MiniHouseFurnitureObjEffect.shn,15,NeedMoney,3,4
MiniHouseFurnitureObjEffect.shn,16,EffectName,9,32
MiniHouseFurnitureObjEffect.shn,17,EffectSound,9,32
MiniHouseObjAni.shn,0,Handle,2,2
MiniHouseObjAni.shn,1,ItemID,2,2
MiniHouseObjAni.shn,2,AniGroupIDMaxNum,1,1
MiniHouseObjAni.shn,3,AniGroupID,2,2
MiniHouseObjAni.shn,4,EventCode,3,4
MiniHouseObjAni.shn,5,NextAniHandle,2,2
MiniHouseObjAni.shn,6,ActorMaxNum,1,1
MiniHouseObjAni.shn,7,Actor01,3,4
MiniHouseObjAni.shn,8,Actor02,3,4
MiniHouseObjAni.shn,9,Actor03,3,4
MiniHouseObjAni.shn,10,ActeeMaxNum,1,1
MiniHouseObjAni.shn,11,Actee01,3,4
MiniHouseObjAni.shn,12,Actee02,3,4
MiniHouseObjAni.shn,13,Actee03,3,4
MinimonAutoUseItem.shn,0,MAUItem,11,4
MinimonAutoUseItem.shn,1,ItemIDX,9,32
MinimonInfo.shn,0,ItemIDX,9,32
MinimonInfo.shn,1,MinimonEquipPos,11,4
MinimonInfo.shn,2,MinimonRole,11,4
MobAbStateDropSetting.shn,0,MobInx,9,33
MobAbStateDropSetting.shn,1,ABStateInx,9,33
MobAbStateDropSetting.shn,2,DropType,11,4
MobAbStateDropSetting.shn,3,MaxCount,1,1
MobAutoAction.shn,0,MobInx,9,32
MobAutoAction.shn,1,Attack,11,4
MobAutoAction.shn,2,Target,11,4
MobAutoAction.shn,3,ActionType,11,4
MobAutoAction.shn,4,StateInx,9,32
MobAutoAction.shn,5,Strength,1,1
MobAutoAction.shn,6,EffectRate,2,2
MobAutoAction.shn,7,Range,2,2
MobConditionServer.shn,0,MobInx,9,32
MobConditionServer.shn,1,AniLv,1,1
MobConditionServer.shn,2,MC_Type,11,4
MobConditionServer.shn,3,MC_ValueMin,3,4
MobConditionServer.shn,4,MC_ValueMax,3,4
MobInfo.shn,0,ID,2,2
MobInfo.shn,1,InxName,9,32
MobInfo.shn,2,Name,9,32
MobInfo.shn,3,Level,3,4
MobInfo.shn,4,MaxHP,3,4
MobInfo.shn,5,WalkSpeed,3,4
MobInfo.shn,6,RunSpeed,3,4
MobInfo.shn,7,IsNPC,1,1
MobInfo.shn,8,Size,3,4
MobInfo.shn,9,WeaponType,11,4
MobInfo.shn,10,ArmorType,11,4
MobInfo.shn,11,GradeType,11,4
MobInfo.shn,12,Type,11,4
MobInfo.shn,13,IsPlayerSide,1,1
MobInfo.shn,14,AbsoluteSize,3,4
MobInfoServer.shn,0,ID,3,4
MobInfoServer.shn,1,InxName,9,32
MobInfoServer.shn,2,Visible,1,1
MobInfoServer.shn,3,AC,2,2
MobInfoServer.shn,4,TB,2,2
MobInfoServer.shn,5,MR,2,2
MobInfoServer.shn,6,MB,2,2
MobInfoServer.shn,7,EnemyDetectType,11,4
MobInfoServer.shn,8,MobKillInx,11,4
MobInfoServer.shn,9,MonEXP,3,4
MobInfoServer.shn,10,EXPRange,2,2
MobInfoServer.shn,11,DetectCha,2,2
MobInfoServer.shn,12,ResetInterval,1,1
MobInfoServer.shn,13,CutInterval,2,2
MobInfoServer.shn,14,CutNonAT,3,4
MobInfoServer.shn,15,FollowCha,3,4
MobInfoServer.shn,16,PceHPRcvDly,2,2
MobInfoServer.shn,17,PceHPRcv,2,2
MobInfoServer.shn,18,AtkHPRcvDly,2,2
MobInfoServer.shn,19,AtkHPRcv,2,2
MobInfoServer.shn,20,Str,2,2
MobInfoServer.shn,21,Dex,2,2
MobInfoServer.shn,22,Con,2,2
MobInfoServer.shn,23,Int,2,2
MobInfoServer.shn,24,Men,2,2
MobInfoServer.shn,25,MobRaceType,11,4
MobInfoServer.shn,26,Rank,1,1
MobInfoServer.shn,27,FamilyArea,3,4
MobInfoServer.shn,28,FamilyRescArea,3,4
MobInfoServer.shn,29,FamilyRescCount,1,1
MobInfoServer.shn,30,BloodingResi,2,2
MobInfoServer.shn,31,StunResi,2,2
MobInfoServer.shn,32,MoveSpeedResi,2,2
MobInfoServer.shn,33,FearResi,2,2
MobInfoServer.shn,34,ResIndex,9,32
MobInfoServer.shn,35,KQKillPoint,2,2
MobInfoServer.shn,36,Return2Regen,1,1
MobInfoServer.shn,37,IsRoaming,1,1
MobInfoServer.shn,38,RoamingNumber,1,1
MobInfoServer.shn,39,RoamingDistance,2,2
MobInfoServer.shn,40,RoamingRestTime,2,2
MobInfoServer.shn,41,MaxSP,2,2
MobInfoServer.shn,42,BroadAtDead,1,1
MobInfoServer.shn,43,TurnSpeed,2,2
MobInfoServer.shn,44,WalkChase,2,2
MobInfoServer.shn,45,AllCanLoot,1,1
MobInfoServer.shn,46,DmgByHealMin,2,2
MobInfoServer.shn,47,DmgByHealMax,2,2
MobInfoServer.shn,48,RegenInterval,2,2
MobKillAble.shn,0,MobKillInx,11,4
MobKillAble.shn,1,Cheat,1,1
MobKillAble.shn,2,Mob,1,1
MobKillAble.shn,3,User,1,1
MobKillAnnounce.shn,0,MobID,3,4
MobKillAnnounce.shn,1,TextIndex,11,4
MobKillLog.shn,0,MobID,3,4
MobLifeTime.shn,0,MobIndex,9,32
MobLifeTime.shn,1,LifeTime,2,2
MobNoFadeIn.shn,0,MobInx,9,32
MobRegenAni.shn,0,MobIDX,9,32
MobRegenAni.shn,1,RegenTime,2,2
MobRegenAni.shn,2,GroupAbStateIDX,9,32
MobRegenAni.shn,3,IsAggro,1,1
MobResist.shn,0,InxName,9,32
MobResist.shn,1,ResDot,2,2
MobResist.shn,2,ResStun,2,2
MobResist.shn,3,ResMoveSpeed,2,2
MobResist.shn,4,ResFear,2,2
MobResist.shn,5,ResBinding,2,2
MobResist.shn,6,ResReverse,2,2
MobResist.shn,7,ResMesmerize,2,2
MobResist.shn,8,ResSeverBone,2,2
MobResist.shn,9,ResKnockBack,2,2
MobResist.shn,10,ResTBMinus,2,2
MobSpecies.shn,0,ID,2,2
MobSpecies.shn,1,MobName,24,33
MobSpecies.shn,2,,24,33
MobSpecies.shn,3,,24,33
MobSpecies.shn,4,,24,33
MobWeapon.shn,0,ID,3,4
MobWeapon.shn,1,InxName,9,33
MobWeapon.shn,2,Skill,9,32
MobWeapon.shn,3,AtkSpd,2,2
MobWeapon.shn,4,BlastRate,2,2
MobWeapon.shn,5,AtkDly,2,2
MobWeapon.shn,6,SwingTime,2,2
MobWeapon.shn,7,HitTime,2,2
MobWeapon.shn,8,AtkType,11,4
MobWeapon.shn,9,MinWC,3,4
MobWeapon.shn,10,MaxWC,3,4
MobWeapon.shn,11,TH,2,2
MobWeapon.shn,12,MinMA,3,4
MobWeapon.shn,13,MaxMA,3,4
MobWeapon.shn,14,MH,2,2
MobWeapon.shn,15,Range,2,2
MobWeapon.shn,16,MopAttackTarget,11,4
MobWeapon.shn,17,HitType,11,4
MobWeapon.shn,18,StaName,9,33
MobWeapon.shn,19,StaStrength,2,2
MobWeapon.shn,20,StaRate,2,2
MobWeapon.shn,21,AggroInitialize,2,2
MoverAbility.shn,0,MoverIDX,9,32
MoverAbility.shn,1,MoverLv,1,1
MoverAbility.shn,2,HP,3,4
MoverAbility.shn,3,WCMin,3,4
MoverAbility.shn,4,WCMax,3,4
MoverAbility.shn,5,MAMin,3,4
MoverAbility.shn,6,MAMax,3,4
MoverAbility.shn,7,AC,2,2
MoverAbility.shn,8,MR,2,2
MoverAbility.shn,9,TH,2,2
MoverAbility.shn,10,TB,2,2
MoverAbility.shn,11,ResIndex,9,32
MoverAbility.shn,12,AbsoluteSize,3,4
MoverHG.shn,0,MoverIDX,9,32
MoverHG.shn,1,FeedType,9,32
MoverHG.shn,2,RestoreAmount,2,2
MoverHG.shn,3,MaxHG,2,2
MoverHG.shn,4,CreateHG,2,2
MoverHG.shn,5,Tick,2,2
MoverHG.shn,6,ConsumeHG,2,2
MoverItem.shn,0,MoverIDX,9,32
MoverItem.shn,1,ItemIDX,9,32
MoverMain.shn,0,MoverID,3,4
MoverMain.shn,1,MoverIDX,9,32
MoverMain.shn,2,CastingTime,3,4
MoverMain.shn,3,CoolTime,3,4
MoverMain.shn,4,RunSpeed,2,2
MoverMain.shn,5,WalkSpeed,2,2
MoverMain.shn,6,DurationHour,2,2
MoverMain.shn,7,MaxCharSlot,1,1
MoverUpgradeEffect.shn,0,RunSpeed,2,2
MoverUpgradeEffect.shn,1,HPSPRecoveryTick,2,2
MoverUpgradeEffect.shn,2,HPSPRecovery,2,2
MoverUpgradeEffect.shn,3,CastingTime,2,2
MoverUpgradeEffect.shn,4,CastingCoolTime,2,2
MoverUpgradeEffect.shn,5,EffectFileName,9,32
MoverUpgradeEffect.shn,6,AbStateIDX,9,32
MoverUpgradeEffect.shn,7,Strength,1,1
MoverUseSkill.shn,0,MoverIDX,9,32
MoverUseSkill.shn,1,ActiveSkillIDX,9,32
MsgWorldManager.shn,0,Desc,26,1
MultiHitType.shn,0,ID,2,2
MultiHitType.shn,1,HitTime,2,2
MultiHitType.shn,2,AbIndex,9,32
MultiHitType.shn,3,AS_Step,1,1
MultiHitType.shn,4,AbStr,1,1
MultiHitType.shn,5,AbRate,2,2
MultiHitType.shn,6,DmgRate,2,2
MysteryVaultServer.shn,0,MV_GroupItemInx,9,32
MysteryVaultServer.shn,1,ChrClass,11,4
MysteryVaultServer.shn,2,ItemInx,9,32
MysteryVaultServer.shn,3,Lot,1,1
MysteryVaultServer.shn,4,Rate,2,2
MysteryVaultServer.shn,5,Group,1,1
NpcSchedule.shn,0,Mob_Inx,9,32
NpcSchedule.shn,1,NS_Year,2,2
NpcSchedule.shn,2,NS_Month,1,1
NpcSchedule.shn,3,NS_Day,1,1
NpcSchedule.shn,4,NS_Hour,1,1
NpcSchedule.shn,5,NS_Minute,1,1
NpcSchedule.shn,6,NS_CycleHour,2,2
NpcSchedule.shn,7,NS_LifeHour,1,1
NpcSchedule.shn,8,NS_IsMsg,1,1
PSkillSetAbstate.shn,0,PS_InxName,9,32
PSkillSetAbstate.shn,1,PS_Condition,11,4
PSkillSetAbstate.shn,2,PS_ConditioRate,2,2
PSkillSetAbstate.shn,3,PS_AbStateInx,9,32
PSkillSetAbstate.shn,4,Strength,1,1
PartyBonusByLvDiff.shn,0,PB_LvDiff,2,2
PartyBonusByLvDiff.shn,1,PB_BonusRatio,2,2
PartyBonusByMember.shn,0,PB_PartyMember,1,1
PartyBonusByMember.shn,1,PB_BonusRatio,2,2
PartyBonusLimit.shn,0,PSE_ChrLv,1,1
PartyBonusLimit.shn,1,PSE_ExpLimit,3,4
PassiveSkill.shn,0,ID,2,2
PassiveSkill.shn,1,InxName,9,32
PassiveSkill.shn,2,Name,9,32
PassiveSkill.shn,3,WeaponMastery,3,4
PassiveSkill.shn,4,DemandSk,9,32
PassiveSkill.shn,5,MstRtTmp,3,4
PassiveSkill.shn,6,MstRtSword1,3,4
PassiveSkill.shn,7,MstRtHammer1,3,4
PassiveSkill.shn,8,MstRtSword2,3,4
PassiveSkill.shn,9,MstRtAxe2,3,4
PassiveSkill.shn,10,MstRtMace1,3,4
PassiveSkill.shn,11,MstRtBow2,3,4
PassiveSkill.shn,12,MstRtCrossBow2,3,4
PassiveSkill.shn,13,MstRtWand2,3,4
PassiveSkill.shn,14,MstRtStaff2,3,4
PassiveSkill.shn,15,MstRtClaw,3,4
PassiveSkill.shn,16,MstRtDSword,3,4
PassiveSkill.shn,17,MstPlTmp,3,4
PassiveSkill.shn,18,MstPlSword1,3,4
PassiveSkill.shn,19,MstPlHammer1,3,4
PassiveSkill.shn,20,MstPlSword2,3,4
PassiveSkill.shn,21,MstPlAxe2,3,4
PassiveSkill.shn,22,MstPlMace1,3,4
PassiveSkill.shn,23,MstPlBow2,3,4
PassiveSkill.shn,24,MstPlCrossBow2,3,4
PassiveSkill.shn,25,MstPlWand2,3,4
PassiveSkill.shn,26,MstPlStaff2,3,4
PassiveSkill.shn,27,MstPlClaw,3,4
PassiveSkill.shn,28,MstPlDSword,3,4
PassiveSkill.shn,29,SPRecover,3,4
PassiveSkill.shn,30,TB,3,4
PassiveSkill.shn,31,MaxSP,3,4
PassiveSkill.shn,32,MaxLP,3,4
PassiveSkill.shn,33,Intel,3,4
PassiveSkill.shn,34,CastingTime,3,4
PassiveSkill.shn,35,MACriRate,2,2
PassiveSkill.shn,36,WCRateUp,3,4
PassiveSkill.shn,37,MARateUp,3,4
PassiveSkill.shn,38,HpDownDamegeUp,2,2
PassiveSkill.shn,39,DownDamegeHp,2,2
PassiveSkill.shn,40,HpDownAcUp,2,2
PassiveSkill.shn,41,DownAcHp,2,2
PassiveSkill.shn,42,MoveTBUpPlus,2,2
PassiveSkill.shn,43,HealUPRate,2,2
PassiveSkill.shn,44,KeepTimeBuffUPRate,2,2
PassiveSkill.shn,45,CriDmgUpRate,2,2
PassiveSkill.shn,46,ActiveSkillGroupInx,11,4
PassiveSkill.shn,47,DMG_MinusRate,2,2
Produce.shn,0,ProductID,2,2
Produce.shn,1,ProduceIndex,9,32
Produce.shn,2,Name,9,64
Produce.shn,3,Product,9,32
Produce.shn,4,Lot,3,4
Produce.shn,5,Raw0,9,32
Produce.shn,6,Quantity0,3,4
Produce.shn,7,Raw1,9,32
Produce.shn,8,Quantity1,3,4
Produce.shn,9,Raw2,9,32
Produce.shn,10,Quantity2,3,4
Produce.shn,11,Raw3,9,32
Produce.shn,12,Quantity3,3,4
Produce.shn,13,Raw4,9,32
Produce.shn,14,Quantity4,3,4
Produce.shn,15,Raw5,9,32
Produce.shn,16,Quantity5,3,4
Produce.shn,17,Raw6,9,32
Produce.shn,18,Quantity6,3,4
Produce.shn,19,Raw7,9,32
Produce.shn,20,Quantity7,3,4
Produce.shn,21,MasteryType,11,4
Produce.shn,22,MasteryGain,3,4
Produce.shn,23,NeededMasteryType,11,4
Produce.shn,24,NeededMasteryGain,3,4
PupCase.shn,0,PupCaseType,11,4
PupCase.shn,1,PupMindType,11,4
PupCase.shn,2,StressNum,1,1
PupCaseDesc.shn,0,PupPriorityType,11,4
PupCaseDesc.shn,1,PupCaseType,11,4
PupCaseDesc.shn,2,PupIDX,9,32
PupCaseDesc.shn,3,PupAIType,11,4
PupCaseDesc.shn,4,SM_Inx,9,32
PupCaseDesc.shn,5,ActionEffectID,3,4
PupCaseDesc.shn,6,SoundFile,9,32
PupFactorCondition.shn,0,PupMindType,11,4
PupFactorCondition.shn,1,PupFactorConditionType,11,4
PupFactorCondition.shn,2,PupFactorType,11,4
PupFactorCondition.shn,3,IsMinus,1,1
PupFactorCondition.shn,4,Value,3,4
PupMain.shn,0,PupID,3,4
PupMain.shn,1,PupIDX,9,32
PupMain.shn,2,ItemIDX,9,32
PupMain.shn,3,PupSpeed,2,2
PupMind.shn,0,PupMindType,11,4
PupMind.shn,1,MinMind,1,1
PupMind.shn,2,MaxMind,1,1
PupPriority.shn,0,PupPriorityType,11,4
PupPriority.shn,1,PriorityNum,1,1
PupServer.shn,0,PupIDX,9,32
PupServer.shn,1,MinMind,1,1
PupServer.shn,2,MaxMind,1,1
PupServer.shn,3,MinStress,1,1
PupServer.shn,4,MaxStress,1,1
QuestDialog.shn,0,ID,3,4
QuestDialog.shn,1,Dialog,26,1
QuestScript.shn,0,ID,2,2
QuestScript.shn,1,Script,26,1
QuestSpecies.shn,0,ID,2,2
QuestSpecies.shn,1,MobGroupName,24,33
QuestSpecies.shn,2,,24,33
QuestSpecies.shn,3,,24,33
QuestSpecies.shn,4,,24,33
QuestSpecies.shn,5,,24,33
RaceNameInfo.shn,0,RaceID,1,1
RaceNameInfo.shn,1,acPrefix,9,4
RaceNameInfo.shn,2,acEngName,9,16
RaceNameInfo.shn,3,acLocalName,9,16
RandomOption.shn,0,DropItemIndex,9,33
RandomOption.shn,1,RandomOptionType,11,4
RandomOption.shn,2,Min,3,4
RandomOption.shn,3,Max,3,4
RandomOption.shn,4,TypeDropRate,3,4
RandomOptionCount.shn,0,InxName,9,33
RandomOptionCount.shn,1,LimitCount,2,2
RandomOptionCount.shn,2,LimitDropRate,2,2
RareMoverEachRate.shn,0,RMER_ItemIDX,9,32
RareMoverEachRate.shn,1,RMER_Rate,2,2
RareMoverRate.shn,0,RMR_Rate,2,2
RareMoverSubRate.shn,0,RMR_SubRate,2,2
ReactionType.shn,0,RAType,11,4
ReactionType.shn,1,MobInx,9,32
ReactionType.shn,2,Ecode,3,4
Riding.shn,0,Handle,2,2
Riding.shn,1,ItemID,9,32
Riding.shn,2,Name,9,32
Riding.shn,3,BodyType,9,32
Riding.shn,4,Shape,9,32
Riding.shn,5,UseTime,2,2
Riding.shn,6,FeedType,9,32
Riding.shn,7,Texture,9,32
Riding.shn,8,FeedGauge,2,2
Riding.shn,9,HGauge,2,2
Riding.shn,10,InitHgauge,2,2
Riding.shn,11,Tick,2,2
Riding.shn,12,UGauge,2,2
Riding.shn,13,RunSpeed,2,2
Riding.shn,14,FootSpeed,2,2
Riding.shn,15,CastingTime,2,2
Riding.shn,16,CoolTime,3,4
Riding.shn,17,IconFileN,9,16
Riding.shn,18,IconIndex,2,2
Riding.shn,19,ImageN,9,16
Riding.shn,20,ImageH,9,16
Riding.shn,21,ImageE,9,16
Riding.shn,22,DummyA,9,32
Riding.shn,23,DummyB,9,32
SetEffect.shn,0,SetItemIndex,9,32
SetEffect.shn,1,Count,1,1
SetEffect.shn,2,ItemActionID,2,2
SetItem.shn,0,Index,9,32
SetItem.shn,1,Piece,1,1
SetItem.shn,2,Effect,9,32
SetItemEffect.shn,0,Effect,9,32
SetItemEffect.shn,1,Desc,9,128
SetItemEffect.shn,2,UseSubject,1,1
SetItemEffect.shn,3,SkillGroup,9,64
SetItemEffect.shn,4,From,9,4
SetItemEffect.shn,5,To,9,4
SetItemEffect.shn,6,Index,11,4
SetItemEffect.shn,7,Argument,3,4
ShineReward.shn,0,RewardHandle,2,2
ShineReward.shn,1,RewardType,12,1
ShineReward.shn,2,Argument,9,33
ShineReward.shn,3,Quantity,3,4
ShineReward.shn,4,Upgrade,21,2
ShineReward.shn,5,,21,2
ShineReward.shn,6,,21,2
ShineReward.shn,7,,21,2
ShineReward.shn,8,,21,2
ShineReward.shn,9,,21,2
ShineReward.shn,10,,21,2
ShineReward.shn,11,,21,2
ShineReward.shn,12,,21,2
ShineReward.shn,13,,21,2
ShineReward.shn,14,OptionDegree,2,2
ShineReward.shn,15,TitleDegree,3,4
SingleData.shn,0,SingleDataIDX,9,32
SingleData.shn,1,SingleDataValue,2,2
SpamerPenalty.shn,0,PenaltyLv,1,1
SpamerPenalty.shn,1,ChatBlockTime,2,2
SpamerPenalty.shn,2,ProbateTime,2,2
SpamerPenaltyRule.shn,0,SecondRule,2,2
SpamerPenaltyRule.shn,1,RepeatRule,1,1
SpamerReport.shn,0,SR_Term,3,4
SpamerReport.shn,1,SR_Number,2,2
SpamerReport.shn,2,SR_Message,9,128
StateField.shn,0,AbStateInx,9,32
StateField.shn,1,MapName,9,12
StateField.shn,2,StateSet,11,4
StateItem.shn,0,ItemIDX,9,32
StateItem.shn,1,AbStateInx,9,32
StateItem.shn,2,StaStrength,3,4
StateItem.shn,3,StaSucRate,2,2
StateMob.shn,0,TargetMobInx,9,32
StateMob.shn,1,ConditionMobInx,9,32
StateMob.shn,2,AbStateInx,9,32
StateMob.shn,3,Strength,3,4
SubAbState.shn,0,ID,2,2
SubAbState.shn,1,InxName,9,32
SubAbState.shn,2,Strength,3,4
SubAbState.shn,3,Type,11,4
SubAbState.shn,4,SubType,1,1
SubAbState.shn,5,KeepTime,3,4
SubAbState.shn,6,ActionIndexA,11,4
SubAbState.shn,7,ActionArgA,3,4
SubAbState.shn,8,ActionIndexB,11,4
SubAbState.shn,9,ActionArgB,3,4
SubAbState.shn,10,ActionIndexC,11,4
SubAbState.shn,11,ActionArgC,3,4
SubAbState.shn,12,ActionIndexD,11,4
SubAbState.shn,13,ActionArgD,3,4
TermExtendMatch.shn,0,ExtendItemIDX,9,32
TermExtendMatch.shn,1,TermItemIDX,9,32
ToggleSkill.shn,0,TS_SkillInx,9,32
ToggleSkill.shn,1,TS_Condition,11,4
ToggleSkill.shn,2,TS_Value,2,2
TownPortal.shn,0,Index,1,1
TownPortal.shn,1,MinLevel,1,1
TownPortal.shn,2,TP_GroupNo,1,1
TownPortal.shn,3,MapName,9,32
TownPortal.shn,4,X,3,4
TownPortal.shn,5,Y,3,4
UpgradeInfo.shn,0,ID,2,2
UpgradeInfo.shn,1,InxName,9,32
UpgradeInfo.shn,2,UpFactor,11,4
UpgradeInfo.shn,3,Updata,21,2
UpgradeInfo.shn,4,,21,2
UpgradeInfo.shn,5,,21,2
UpgradeInfo.shn,6,,21,2
UpgradeInfo.shn,7,,21,2
UpgradeInfo.shn,8,,21,2
UpgradeInfo.shn,9,,21,2
UpgradeInfo.shn,10,,21,2
UpgradeInfo.shn,11,,21,2
UpgradeInfo.shn,12,,21,2
UpgradeInfo.shn,13,,21,2
UpgradeInfo.shn,14,,21,2
UseClassTypeInfo.shn,0,UseClass,11,4
UseClassTypeInfo.shn,1,Fig,1,1
UseClassTypeInfo.shn,2,Cfig,1,1
UseClassTypeInfo.shn,3,War,1,1
UseClassTypeInfo.shn,4,Gla,1,1
UseClassTypeInfo.shn,5,Kni,1,1
UseClassTypeInfo.shn,6,Cle,1,1
UseClassTypeInfo.shn,7,Hcle,1,1
UseClassTypeInfo.shn,8,Pal,1,1
UseClassTypeInfo.shn,9,Hol,1,1
UseClassTypeInfo.shn,10,Gua,1,1
UseClassTypeInfo.shn,11,Arc,1,1
UseClassTypeInfo.shn,12,Harc,1,1
UseClassTypeInfo.shn,13,Sco,1,1
UseClassTypeInfo.shn,14,Sha,1,1
UseClassTypeInfo.shn,15,Ran,1,1
UseClassTypeInfo.shn,16,Mag,1,1
UseClassTypeInfo.shn,17,Wmag,1,1
UseClassTypeInfo.shn,18,Enc,1,1
UseClassTypeInfo.shn,19,Warl,1,1
UseClassTypeInfo.shn,20,Wiz,1,1
UseClassTypeInfo.shn,21,Jok,1,1
UseClassTypeInfo.shn,22,Chs,1,1
UseClassTypeInfo.shn,23,Cru,1,1
UseClassTypeInfo.shn,24,Cls,1,1
UseClassTypeInfo.shn,25,Ass,1,1
UseClassTypeInfo.shn,26,Sen,1,1
UseClassTypeInfo.shn,27,Sav,1,1
WeaponAttrib.shn,0,WeaponType,11,4
WeaponAttrib.shn,1,UsableDegree,2,2
WeaponAttrib.shn,2,IsUsableInMoving,1,1
WeaponAttrib.shn,3,HitRate,21,2
WeaponAttrib.shn,4,,21,2
WeaponAttrib.shn,5,,21,2
WeaponTitleData.shn,0,MobID,2,2
WeaponTitleData.shn,1,Level,1,1
WeaponTitleData.shn,2,Prefix,9,16
WeaponTitleData.shn,3,Suffix,9,16
WeaponTitleData.shn,4,MobKillCount,3,4
WeaponTitleData.shn,5,MinAdd,2,2
WeaponTitleData.shn,6,MaxAdd,2,2
WeaponTitleData.shn,7,SP1_Reference,12,1
WeaponTitleData.shn,8,SP1_Type,13,2
WeaponTitleData.shn,9,SP1_Value,3,4
WeaponTitleData.shn,10,SP2_Reference,12,1
WeaponTitleData.shn,11,SP2_Type,13,2
WeaponTitleData.shn,12,SP2_Value,3,4
WeaponTitleData.shn,13,SP3_Reference,12,1
WeaponTitleData.shn,14,SP3_Type,13,2
WeaponTitleData.shn,15,SP3_Value,3,4
